timestamp, frame, x, y, z, qx, qy, qz, qw
174384.217940208, 000000, 0.8878961, 0.015484471, -0.21780454, 0.29660496, 0.035852086, -0.9541752, 0.017023666
174384.251284125, 000001, 0.88806766, 0.015502207, -0.21770987, 0.29675424, 0.035813544, -0.954132, 0.016924832
174384.284628625, 000002, 0.8878201, 0.01526944, -0.21775995, 0.29720768, 0.035590757, -0.9539982, 0.016981563
174384.317973666, 000003, 0.88799936, 0.015239287, -0.21757056, 0.29713672, 0.035917133, -0.95400184, 0.017330738
174384.351318166, 000004, 0.8883052, 0.015271775, -0.21735127, 0.2982361, 0.035801873, -0.95366496, 0.017221628
174384.384659375, 000005, 0.88862383, 0.015232131, -0.21699728, 0.29902375, 0.035948887, -0.95341015, 0.017368346
174384.418003791, 000006, 0.8885822, 0.0151329115, -0.21700233, 0.29933694, 0.035987552, -0.9533026, 0.017786415
174384.451348958, 000007, 0.8887579, 0.015036199, -0.21647562, 0.29942644, 0.036335558, -0.9532522, 0.018267952
174384.484692458, 000008, 0.88871855, 0.014989752, -0.2158265, 0.30000684, 0.036789533, -0.9530431, 0.018741664
174384.51803725, 000009, 0.888679, 0.014944971, -0.21498041, 0.3006979, 0.03751404, -0.9527898, 0.01910562
174384.551382041, 000010, 0.888625, 0.014708433, -0.21350558, 0.3018205, 0.038256254, -0.9523984, 0.019442145
174384.584726166, 000011, 0.8886639, 0.014431765, -0.21208163, 0.30317348, 0.038635187, -0.9519467, 0.01976573
174384.6347425, 000012, 0.889066, 0.014171068, -0.20992544, 0.30585277, 0.03864528, -0.9510795, 0.020209854
174384.668087583, 000013, 0.889395, 0.014105145, -0.2081415, 0.30783767, 0.038895715, -0.9504221, 0.02051675
174384.701432041, 000014, 0.88963777, 0.014082491, -0.20622751, 0.31008396, 0.03888278, -0.94968504, 0.02084345
174384.734775541, 000015, 0.8900986, 0.013985489, -0.2039938, 0.31242678, 0.038324043, -0.94894326, 0.020676605
174384.768117916, 000016, 0.89064306, 0.013742233, -0.20104413, 0.31510153, 0.038167715, -0.94807553, 0.02017466
174384.801464708, 000017, 0.89125395, 0.013284873, -0.19747345, 0.3174076, 0.03777311, -0.9473373, 0.019430382
174384.834809125, 000018, 0.89202034, 0.012612283, -0.1939293, 0.32012904, 0.037401993, -0.9464526, 0.018600065
174384.868157458, 000019, 0.8925945, 0.011913672, -0.18994437, 0.3239174, 0.03722622, -0.945188, 0.017646002
174384.901498916, 000020, 0.89312553, 0.01130515, -0.18537076, 0.32858148, 0.037410844, -0.94358563, 0.016757945
174384.934842833, 000021, 0.8943376, 0.010809928, -0.18037535, 0.33274126, 0.03871922, -0.94207865, 0.016488299
174384.968190583, 000022, 0.895985, 0.010413267, -0.17518033, 0.3361964, 0.039427735, -0.9408218, 0.016485017
174385.001532041, 000023, 0.8972514, 0.009722203, -0.16953547, 0.33946562, 0.040265888, -0.93959713, 0.01729274
174385.034877041, 000024, 0.8989929, 0.009478312, -0.16305558, 0.34310722, 0.0401632, -0.938249, 0.018791635
174385.068221083, 000025, 0.9003347, 0.010020517, -0.15611595, 0.3471685, 0.041469213, -0.9366341, 0.021699736
174385.101566041, 000026, 0.90245074, 0.010283574, -0.14866172, 0.35270557, 0.039559204, -0.9345952, 0.02378276
174385.134909708, 000027, 0.9052612, 0.010149337, -0.14096709, 0.3591625, 0.038054448, -0.9321486, 0.025557585
174385.168257416, 000028, 0.90760416, 0.00949515, -0.13364957, 0.3653992, 0.037562426, -0.9297031, 0.026916498
174385.201599958, 000029, 0.91006255, 0.008736901, -0.12597965, 0.37179688, 0.03758222, -0.92713255, 0.02792747
174385.234943083, 000030, 0.91281116, 0.007987812, -0.118259504, 0.37872633, 0.037732657, -0.9242977, 0.028573383
174385.268289083, 000031, 0.9154305, 0.0072994605, -0.11083107, 0.38533637, 0.0379411, -0.92152286, 0.029529111
174385.30163325, 000032, 0.918152, 0.0065081865, -0.103513345, 0.39193004, 0.038121503, -0.91869754, 0.030536085
174385.334977083, 000033, 0.9209144, 0.005658347, -0.09635001, 0.399109, 0.038072098, -0.91558313, 0.03114634
174385.368322375, 000034, 0.923535, 0.0051928945, -0.08979322, 0.40668333, 0.0381756, -0.91222024, 0.03171047
174385.401667208, 000035, 0.92592573, 0.004627414, -0.08312714, 0.41424814, 0.038688906, -0.9087608, 0.032487277
174385.435011125, 000036, 0.9282366, 0.0039854795, -0.076657996, 0.42123082, 0.0386152, -0.9055234, 0.033177573
174385.46835775, 000037, 0.9305767, 0.0033743866, -0.07084927, 0.42746246, 0.038974315, -0.9025472, 0.034138724
174385.501700416, 000038, 0.9326479, 0.0026560128, -0.064942166, 0.43299413, 0.039777104, -0.8998265, 0.03530013
174385.535044375, 000039, 0.9344187, 0.0018089637, -0.059000053, 0.4381197, 0.040167373, -0.8972879, 0.036223963
174385.568389791, 000040, 0.9355022, 0.00079414994, -0.05318001, 0.4435814, 0.040889557, -0.89453846, 0.036939032
174385.601734, 000041, 0.9363762, -0.00010911186, -0.047163364, 0.44861796, 0.04231155, -0.89191717, 0.037887085
174385.63507975, 000042, 0.9370942, -0.0008413084, -0.04104089, 0.4525797, 0.043161318, -0.88983315, 0.038803853
174385.66842325, 000043, 0.93638486, -0.0013611969, -0.034605578, 0.45637354, 0.044212658, -0.88781303, 0.03945207
174385.701767833, 000044, 0.93618566, -0.0019580927, -0.028052442, 0.46035433, 0.04524873, -0.88570946, 0.039308555
174385.7351115, 000045, 0.9362283, -0.0027025137, -0.02129882, 0.46426424, 0.04650357, -0.8836213, 0.038852826
174385.768456583, 000046, 0.935858, -0.003552219, -0.014905371, 0.46793514, 0.0478079, -0.8816298, 0.038471285
174385.801801416, 000047, 0.9352284, -0.0046848375, -0.0077533573, 0.47176903, 0.04885601, -0.87953305, 0.03832308
174385.835145166, 000048, 0.9344983, -0.0060754362, -3.4948325e-06, 0.47509784, 0.05026425, -0.8776375, 0.038831163
174385.868490541, 000049, 0.9330171, -0.007585965, 0.007421725, 0.4784822, 0.051738966, -0.875692, 0.03926039
174385.901834875, 000050, 0.93193686, -0.009034943, 0.015291677, 0.48369148, 0.05284011, -0.8727755, 0.03890235
174385.935178708, 000051, 0.9312433, -0.010202508, 0.023279548, 0.4894411, 0.052268006, -0.8696337, 0.03811495
174385.968523666, 000052, 0.9305886, -0.011106607, 0.030490082, 0.49563012, 0.049936194, -0.8662947, 0.037292507
174386.001868833, 000053, 0.9296088, -0.011386571, 0.038030345, 0.5020473, 0.04667734, -0.8628112, 0.03642177
174386.035212166, 000054, 0.9286134, -0.011162836, 0.045874264, 0.50850016, 0.042785257, -0.8592409, 0.0360851
174386.068561833, 000055, 0.9269716, -0.010530388, 0.053464893, 0.5158834, 0.039757397, -0.8549348, 0.03701796
174386.101902041, 000056, 0.92564046, -0.009471653, 0.061540943, 0.5226415, 0.036306087, -0.8509058, 0.03856251
174386.135245708, 000057, 0.92489016, -0.008370727, 0.06996478, 0.52668196, 0.034608405, -0.84834284, 0.04150751
174386.168591375, 000058, 0.92416126, -0.0073708016, 0.07832241, 0.5298182, 0.032219864, -0.8463612, 0.043903477
174386.201935625, 000059, 0.9237432, -0.006320825, 0.0866285, 0.5343371, 0.03088384, -0.84345204, 0.046030387
174386.235279666, 000060, 0.9236164, -0.005220929, 0.09470554, 0.5399157, 0.030589748, -0.83982897, 0.047354415
174386.268624583, 000061, 0.9241324, -0.0041722357, 0.10243569, 0.54575014, 0.030852998, -0.8360282, 0.047558025
174386.3019695, 000062, 0.92509776, -0.0035136119, 0.11021958, 0.55161357, 0.0311417, -0.83223325, 0.04626547
174386.335313083, 000063, 0.92646587, -0.003033135, 0.117531165, 0.55755585, 0.032254547, -0.8283536, 0.04383293
174386.368658625, 000064, 0.92760444, -0.002587011, 0.12497537, 0.5630415, 0.035555337, -0.82456774, 0.0425248
174386.402002833, 000065, 0.92678803, -0.002739815, 0.1331961, 0.56890345, 0.037405092, -0.8205245, 0.041102722
174386.435346625, 000066, 0.9267869, -0.0022306908, 0.14140871, 0.57714695, 0.039226115, -0.81473374, 0.03964598
174386.468691833, 000067, 0.9264685, -0.0016623754, 0.14990114, 0.5864842, 0.041384418, -0.8080008, 0.038186505
174386.50203575, 000068, 0.9268264, -0.0010710248, 0.15824126, 0.59563667, 0.04270619, -0.80127805, 0.036697518
174386.535379958, 000069, 0.9263699, -0.00061982684, 0.16704105, 0.60489815, 0.044209663, -0.79427946, 0.035550926
174386.56872525, 000070, 0.9256406, -0.0003515184, 0.17611422, 0.6144802, 0.04504218, -0.7868982, 0.034299448
174386.602070083, 000071, 0.92451525, -0.0007940009, 0.18571992, 0.623858, 0.04487323, -0.77955246, 0.032947563
174386.635413375, 000072, 0.9237331, -0.0010801721, 0.19555049, 0.63323706, 0.04343953, -0.7720799, 0.03188166
174386.66875875, 000073, 0.92293054, -0.001547534, 0.20586748, 0.6428818, 0.04208122, -0.76417917, 0.031023376
174386.702103625, 000074, 0.922595, -0.00166177, 0.21693844, 0.65369666, 0.041011427, -0.75504756, 0.030033052
174386.735444375, 000075, 0.9211504, -0.0017648004, 0.22831625, 0.6649975, 0.03978177, -0.7451807, 0.030023443
174386.768791833, 000076, 0.9197684, -0.0014310572, 0.24007002, 0.6757664, 0.03733881, -0.7355349, 0.030562477
174386.802137208, 000077, 0.9195902, -0.00028193742, 0.2521771, 0.6863324, 0.03518039, -0.72573996, 0.031807695
174386.835481166, 000078, 0.9184574, 0.0008760952, 0.2645393, 0.69605684, 0.033538073, -0.7164083, 0.03375096
174386.868826291, 000079, 0.91718215, 0.0023234673, 0.2772756, 0.70497036, 0.029952928, -0.70773625, 0.035057366
174386.902171125, 000080, 0.9160552, 0.002764441, 0.2903501, 0.7141468, 0.026224889, -0.6985645, 0.036252357
174386.935514458, 000081, 0.9151222, 0.0033003204, 0.30351135, 0.7231648, 0.023210838, -0.6892943, 0.036977325
174386.968860166, 000082, 0.91393524, 0.0035030097, 0.31658798, 0.73110443, 0.020825114, -0.6809051, 0.037693825
174387.002204416, 000083, 0.9129816, 0.0034515858, 0.3303989, 0.738105, 0.018059155, -0.67335916, 0.038241435
174387.035548291, 000084, 0.9119369, 0.0029926263, 0.34352484, 0.74512565, 0.015429347, -0.6656379, 0.038416848
174387.068893916, 000085, 0.91080976, 0.002850093, 0.35648233, 0.7514728, 0.014253907, -0.6584318, 0.039408382
174387.102237958, 000086, 0.90945214, 0.002649337, 0.36908945, 0.7572133, 0.013404022, -0.65178317, 0.040337004
174387.135582125, 000087, 0.90751785, 0.0022278186, 0.38124055, 0.762769, 0.01383788, -0.64511436, 0.042654704
174387.168928583, 000088, 0.90621585, 0.002439808, 0.3925908, 0.7671055, 0.013970805, -0.6398136, 0.04463734
174387.2022715, 000089, 0.9045974, 0.0025800709, 0.4039359, 0.771314, 0.014818529, -0.63457936, 0.04651978
174387.235615625, 000090, 0.902397, 0.0025631785, 0.41506267, 0.77630395, 0.01647385, -0.6283084, 0.04805382
174387.268960666, 000091, 0.89964324, 0.0024783239, 0.42567617, 0.7813405, 0.01759989, -0.62198347, 0.048310358
174387.302304916, 000092, 0.8978881, 0.0021327734, 0.43419188, 0.7861052, 0.019077504, -0.61590743, 0.04829746
174387.335648625, 000093, 0.89476293, 0.0018771887, 0.4433939, 0.79104805, 0.021821072, -0.6094369, 0.048512403
174387.368994416, 000094, 0.89214134, 0.001010675, 0.45094374, 0.796612, 0.023897098, -0.60214704, 0.0475086
174387.402337666, 000095, 0.8892782, 2.2388995e-06, 0.45819724, 0.8018047, 0.02496383, -0.59532845, 0.0454974
174387.4356825, 000096, 0.88499236, -0.0007957835, 0.4662485, 0.8072129, 0.026619146, -0.58802205, 0.04391941
174387.469027458, 000097, 0.880543, -0.002331784, 0.47280708, 0.8125074, 0.02679594, -0.58092314, 0.040520903
174387.502372458, 000098, 0.8756748, -0.0041809324, 0.47916177, 0.8163696, 0.026556412, -0.575688, 0.03766588
174387.5357165, 000099, 0.8698951, -0.0057944153, 0.48657426, 0.81940967, 0.02644282, -0.57149214, 0.035571083
174387.569061208, 000100, 0.86425394, -0.0076584276, 0.49324247, 0.8223687, 0.025525132, -0.56740373, 0.033334974
174387.602405791, 000101, 0.85850763, -0.009433545, 0.49988297, 0.8249819, 0.023928778, -0.5637553, 0.031816185
174387.63575025, 000102, 0.85193473, -0.010847263, 0.507424, 0.8280695, 0.022165174, -0.5593352, 0.03088255
174387.669094833, 000103, 0.8464786, -0.012190547, 0.5143644, 0.8313965, 0.020076284, -0.55451244, 0.029878318
174387.702439416, 000104, 0.83979326, -0.012986211, 0.5217746, 0.83546585, 0.018640595, -0.5484311, 0.029540975
174387.735782791, 000105, 0.8322828, -0.0131275635, 0.52947307, 0.8405755, 0.015953792, -0.54068464, 0.02895219
174387.769128291, 000106, 0.8241887, -0.012356712, 0.53665024, 0.8462089, 0.014147802, -0.5317043, 0.031951554
174387.802472875, 000107, 0.81688046, -0.011383234, 0.5448768, 0.851755, 0.011779271, -0.52266264, 0.034616947
174387.835814125, 000108, 0.80957276, -0.00983651, 0.5523142, 0.8563475, 0.011784665, -0.5147162, 0.039965663
174387.869161833, 000109, 0.8035378, -0.00834755, 0.5614538, 0.8602818, 0.010273925, -0.50791615, 0.0427888
174387.90250625, 000110, 0.79791427, -0.006814519, 0.57095087, 0.8645316, 0.00878546, -0.50046927, 0.045149177
174387.93585025, 000111, 0.7923637, -0.005391013, 0.5793678, 0.8691922, 0.006898417, -0.49237677, 0.04497218
174387.969191375, 000112, 0.7888717, -0.0046170894, 0.58807784, 0.8742561, 0.006554964, -0.48332557, 0.0450529
174388.002540333, 000113, 0.7838116, -0.003945291, 0.59572357, 0.87924725, 0.007575101, -0.47419536, 0.044783954
174388.035884125, 000114, 0.77765965, -0.0032749958, 0.60255116, 0.88401115, 0.009252822, -0.4653066, 0.0439147
174388.069229, 000115, 0.7715077, -0.002750272, 0.61052674, 0.88829064, 0.011354773, -0.45706585, 0.043607395
174388.102577958, 000116, 0.7651038, -0.0022456478, 0.61906826, 0.89221156, 0.013634643, -0.4493147, 0.043461893
174388.1359175, 000117, 0.7580483, -0.001489928, 0.6266848, 0.8961376, 0.015290338, -0.44146985, 0.0425212
174388.16926275, 000118, 0.75098187, -0.0006438289, 0.6347742, 0.90045685, 0.015613676, -0.43279734, 0.04025164
174388.202607208, 000119, 0.74372584, 0.00014393032, 0.64326, 0.90556276, 0.0152087165, -0.422299, 0.037259385
174388.235951291, 000120, 0.73573786, 0.00055605546, 0.65164846, 0.91131365, 0.014551556, -0.41004327, 0.034061186
174388.269296166, 000121, 0.7276878, 0.00073772296, 0.6602426, 0.9174254, 0.013373771, -0.3964872, 0.03081682
174388.302640958, 000122, 0.7194086, 0.0004708059, 0.6689516, 0.9231415, 0.012335039, -0.38317692, 0.028863177
174388.335986916, 000123, 0.71032083, -0.00042539835, 0.67732424, 0.92844206, 0.01146509, -0.3701756, 0.028877443
174388.369330041, 000124, 0.7008032, -0.0013138466, 0.685524, 0.93321687, 0.009497204, -0.35794348, 0.029876245
174388.402674125, 000125, 0.6911823, -0.0019944888, 0.6940476, 0.93729866, 0.007053579, -0.346888, 0.03301876
174388.436018458, 000126, 0.6813293, -0.0023966525, 0.70294416, 0.94114727, 0.004162995, -0.3359845, 0.036591448
174388.469363083, 000127, 0.6711472, -0.0020462573, 0.71174484, 0.9449006, 0.0013436836, -0.3248489, 0.0404271
174388.502707791, 000128, 0.6608678, -0.001305923, 0.7208767, 0.9483949, -0.0028548003, -0.31421858, 0.042493667
174388.536052, 000129, 0.6506013, -0.0010036621, 0.73003733, 0.9519881, -0.006485432, -0.30255675, 0.04621776
174388.569396833, 000130, 0.6402133, -0.00074452156, 0.73846215, 0.9556386, -0.009799261, -0.2905861, 0.04710101
174388.602741166, 000131, 0.62998754, -0.0003111884, 0.74645895, 0.9590955, -0.013093793, -0.27893925, 0.04644625
174388.636085583, 000132, 0.6200248, -0.00013338774, 0.75380915, 0.96227556, -0.015278947, -0.26760992, 0.046660177
174388.669430375, 000133, 0.6097424, 1.7359853e-06, 0.7603524, 0.9652438, -0.015806362, -0.25651458, 0.0474851
174388.702774625, 000134, 0.59932065, 1.07697515e-05, 0.7659193, 0.9680985, -0.015393947, -0.24544759, 0.047998134
174388.736119125, 000135, 0.5891666, -0.00054374704, 0.77009076, 0.97099227, -0.015125269, -0.23367044, 0.048408154
174388.769463958, 000136, 0.5791572, -0.0014232211, 0.773951, 0.9738534, -0.015409469, -0.22151893, 0.04797353
174388.802808291, 000137, 0.56932366, -0.0025978684, 0.77732766, 0.9762495, -0.015824467, -0.21088055, 0.04707257
174388.836152291, 000138, 0.5594867, -0.0040018745, 0.7792303, 0.978114, -0.015077529, -0.20216964, 0.046831086
174388.869496916, 000139, 0.55159694, -0.0060117077, 0.77952814, 0.97972906, -0.012232052, -0.19420241, 0.047610473
174388.90284125, 000140, 0.5442308, -0.007905183, 0.7790225, 0.98113936, -0.00941467, -0.18716204, 0.04740503
174388.936186083, 000141, 0.5346526, -0.0092875585, 0.7785843, 0.9826481, -0.0068353685, -0.17946906, 0.046334386
174388.969531291, 000142, 0.5272769, -0.010888677, 0.77605224, 0.9842115, -0.005454575, -0.17134452, 0.044033743
174389.00287575, 000143, 0.5203731, -0.012658652, 0.7725245, 0.98577344, -0.0045354865, -0.16274971, 0.04174487
174389.036219625, 000144, 0.5107698, -0.014124464, 0.77023506, 0.98716813, -0.0039352323, -0.15490387, 0.038578834
174389.069564875, 000145, 0.502941, -0.01587793, 0.7662477, 0.9884331, -0.0038346557, -0.14724536, 0.03611259
174389.10290925, 000146, 0.4954063, -0.017640611, 0.76150006, 0.9896518, -0.0048178122, -0.13947132, 0.03337549
174389.136253041, 000147, 0.48548663, -0.019005386, 0.75764567, 0.9907883, -0.006523881, -0.13187641, 0.030075254
174389.169598083, 000148, 0.47661692, -0.019846462, 0.7527419, 0.99185324, -0.008679003, -0.124133736, 0.027250893
174389.202942791, 000149, 0.46779248, -0.020183459, 0.74692386, 0.9928842, -0.010761163, -0.115588546, 0.026540427
174389.236286875, 000150, 0.45737028, -0.019682163, 0.74055195, 0.99385816, -0.012967054, -0.106354825, 0.027685875
174389.269631958, 000151, 0.44656053, -0.018648151, 0.7343656, 0.9950053, -0.015529975, -0.09475853, 0.027278993
174389.302976333, 000152, 0.43552926, -0.017356712, 0.7295127, 0.9958458, -0.017868962, -0.08481662, 0.02789159
174389.336320041, 000153, 0.42446795, -0.015991287, 0.7252172, 0.99664116, -0.019317647, -0.07478766, 0.027203592
174389.369665208, 000154, 0.41425306, -0.014258843, 0.7201132, 0.99738085, -0.020256884, -0.06429887, 0.026205128
174389.403009458, 000155, 0.404546, -0.012663063, 0.71489495, 0.9979046, -0.020835213, -0.054835044, 0.02730296
174389.436353541, 000156, 0.39467967, -0.0117151495, 0.7100506, 0.9982727, -0.020454366, -0.04703267, 0.028656002
174389.46969875, 000157, 0.38605115, -0.0101339035, 0.7030215, 0.99854666, -0.0192381, -0.040306527, 0.030162634
174389.503043708, 000158, 0.37714225, -0.008906929, 0.69711536, 0.9987372, -0.017882554, -0.033986513, 0.032390457
174389.536387208, 000159, 0.36793634, -0.007856289, 0.6916882, 0.998971, -0.016646013, -0.027144877, 0.032296885
174389.569732583, 000160, 0.36021554, -0.0066629816, 0.68519616, 0.99920064, -0.015140592, -0.019057028, 0.03171218
174389.603077083, 000161, 0.35252053, -0.005420612, 0.678609, 0.99937344, -0.013998146, -0.011084971, 0.030560937
174389.636421083, 000162, 0.34350404, -0.004266005, 0.67252195, 0.99955493, -0.013347745, -0.0026178183, 0.026549159
174389.6697665, 000163, 0.33634952, -0.0036509112, 0.6653364, 0.9996149, -0.011667036, 0.0066516153, 0.024285447
174389.703110541, 000164, 0.32790205, -0.003716793, 0.6586025, 0.99959165, -0.009413546, 0.014806747, 0.022553815
174389.736454708, 000165, 0.31833768, -0.0044047236, 0.65208995, 0.9995369, -0.0080067925, 0.02168179, 0.019794604
174389.769799833, 000166, 0.30994913, -0.005693933, 0.64516, 0.9993944, -0.007570424, 0.02870071, 0.0181605
174389.80314425, 000167, 0.3008876, -0.00726893, 0.6378997, 0.99910724, -0.007445265, 0.03757465, 0.01781708
174389.836488208, 000168, 0.2895903, -0.008737342, 0.6304517, 0.9987054, -0.007900202, 0.047648966, 0.015959546
174389.869833291, 000169, 0.27849817, -0.010236574, 0.62302506, 0.99811214, -0.009104372, 0.05889037, 0.014873429
174389.903177916, 000170, 0.26676938, -0.011629872, 0.61533135, 0.9973305, -0.010635077, 0.07053163, 0.015621544
174389.93652175, 000171, 0.25359684, -0.012808388, 0.6069484, 0.9964837, -0.012871055, 0.081104495, 0.016634433
174389.96986675, 000172, 0.24038671, -0.013812397, 0.59847873, 0.9955983, -0.0150291715, 0.09069932, 0.018213732
174390.003212916, 000173, 0.2269781, -0.014491973, 0.59030026, 0.9944614, -0.016337927, 0.10221527, 0.018211609
174390.036555083, 000174, 0.21302702, -0.014829271, 0.58264524, 0.99312073, -0.01770619, 0.114333615, 0.018041003
174390.0699005, 000175, 0.19920394, -0.015070565, 0.5761712, 0.9917867, -0.01902212, 0.12529556, 0.01727131
174390.103245083, 000176, 0.1857455, -0.015059635, 0.5700755, 0.9905288, -0.01973434, 0.1348926, 0.01634398
174390.136588958, 000177, 0.17287737, -0.014406035, 0.56366295, 0.9892715, -0.020016424, 0.14380515, 0.01616238
174390.169934, 000178, 0.16033359, -0.013829412, 0.55751145, 0.9879882, -0.020586768, 0.1523143, 0.015998725
174390.20327875, 000179, 0.14765695, -0.013405455, 0.5519805, 0.9868887, -0.02123394, 0.15931459, 0.014785194
174390.236622333, 000180, 0.13503784, -0.012933582, 0.5465, 0.9859064, -0.02174711, 0.1652421, 0.014511117
174390.269967708, 000181, 0.12443405, -0.012305316, 0.54139686, 0.9849091, -0.022642566, 0.17085229, 0.015839586
174390.303312291, 000182, 0.11308674, -0.011487391, 0.53574586, 0.9837228, -0.023784347, 0.17736909, 0.01624759
174390.336655708, 000183, 0.10125685, -0.010548083, 0.5297509, 0.9824597, -0.025289094, 0.18391193, 0.017601639
174390.37000075, 000184, 0.091417834, -0.009427505, 0.52476877, 0.9813139, -0.027053628, 0.1896057, 0.018462224
174390.403347041, 000185, 0.081864946, -0.008420238, 0.5199307, 0.9799658, -0.028403891, 0.19616014, 0.019530082
174390.436689041, 000186, 0.071097285, -0.0076122023, 0.5142444, 0.9784886, -0.028982546, 0.20327303, 0.020003418
174390.470034958, 000187, 0.061650712, -0.006683808, 0.50907123, 0.9769335, -0.02967008, 0.21037789, 0.021489685
174390.503379208, 000188, 0.052872214, -0.005830832, 0.50371057, 0.97537297, -0.03046474, 0.21724726, 0.0228702
174390.536722833, 000189, 0.043985024, -0.0051727947, 0.497273, 0.9738718, -0.03125647, 0.22366616, 0.02387681
174390.570068, 000190, 0.036603276, -0.004342111, 0.49108627, 0.9724857, -0.03194544, 0.22936232, 0.025376864
174390.603412625, 000191, 0.029677777, -0.0037177727, 0.48480287, 0.97124183, -0.03163761, 0.2344887, 0.026521295
174390.636755916, 000192, 0.02229087, -0.0037080944, 0.47757718, 0.96982837, -0.030326515, 0.24016635, 0.02886772
174390.670101291, 000193, 0.015513884, -0.003962612, 0.47054508, 0.9680206, -0.028590221, 0.24727316, 0.031218888
174390.703445833, 000194, 0.009015615, -0.004523065, 0.4633991, 0.96597904, -0.02672679, 0.25532395, 0.031302165
174390.736790583, 000195, 0.002630755, -0.005568454, 0.45549774, 0.9637803, -0.025080724, 0.26381227, 0.030027326
174390.770135583, 000196, -0.0037999877, -0.0071599297, 0.44782248, 0.96148914, -0.02373754, 0.2723054, 0.028720632
174390.803481666, 000197, -0.009943789, -0.009051364, 0.43997386, 0.95943475, -0.022338107, 0.2797366, 0.027081013
174390.8368215, 000198, -0.015302587, -0.010913614, 0.4310215, 0.957053, -0.020759696, 0.28810728, 0.024754658
174390.870168833, 000199, -0.020646248, -0.012750648, 0.42145976, 0.9544703, -0.020059654, 0.29682344, 0.021908239
174390.903513, 000200, -0.02620273, -0.014166839, 0.4118718, 0.95179904, -0.019980798, 0.30558693, 0.017203562
174390.936854583, 000201, -0.031084692, -0.014398202, 0.40176743, 0.9486362, -0.022089476, 0.31517097, 0.01639217
174390.970202083, 000202, -0.036862914, -0.0132049825, 0.39062062, 0.94508547, -0.025479887, 0.325447, 0.015762491
174391.003547, 000203, -0.042987004, -0.011043193, 0.37964886, 0.941474, -0.030163655, 0.33522627, 0.018445354
174391.0368875, 000204, -0.047689933, -0.008316804, 0.36931315, 0.9374998, -0.03421765, 0.3456175, 0.021719975
174391.070236375, 000205, -0.054082636, -0.004999183, 0.35915703, 0.9331254, -0.0377841, 0.3567703, 0.023754876
174391.103580125, 000206, -0.061001845, -0.0018549915, 0.3495514, 0.92916566, -0.040323645, 0.36669815, 0.023613313
174391.136924541, 000207, -0.0664133, 0.00033877423, 0.3403941, 0.9256017, -0.041557517, 0.37546986, 0.023597648
174391.170269541, 000208, -0.07220455, 0.0018018205, 0.33053994, 0.9218481, -0.04069798, 0.38458696, 0.02515134
174391.203614375, 000209, -0.07695179, 0.0024584755, 0.32079673, 0.9174972, -0.038947165, 0.39480275, 0.028509457
174391.236957541, 000210, -0.08086998, 0.0028445423, 0.311213, 0.91215897, -0.03648732, 0.4070908, 0.030195445
174391.270303166, 000211, -0.08452084, 0.0033234693, 0.30137205, 0.9066068, -0.03390277, 0.41946912, 0.030989962
174391.303647291, 000212, -0.087849796, 0.0038517676, 0.2913501, 0.9015029, -0.03169832, 0.43041843, 0.03205784
174391.336991916, 000213, -0.09058055, 0.004360404, 0.28122085, 0.89658684, -0.030104615, 0.440552, 0.033759937
174391.370336208, 000214, -0.093771234, 0.004931668, 0.27049965, 0.89182687, -0.028177049, 0.4503219, 0.03257359
174391.403680791, 000215, -0.09696758, 0.0054113455, 0.2590795, 0.8862396, -0.026471075, 0.46135992, 0.03202499
174391.437024833, 000216, -0.09951051, 0.0058380347, 0.24709296, 0.8804508, -0.02451681, 0.47256806, 0.029745316
174391.470370333, 000217, -0.10206256, 0.005864069, 0.23429191, 0.8741894, -0.022759724, 0.48432156, 0.026598614
174391.503714333, 000218, -0.10428531, 0.0054849703, 0.22045305, 0.86779374, -0.021973142, 0.4958275, 0.024622269
174391.537058416, 000219, -0.10602452, 0.0048427507, 0.20569137, 0.86136585, -0.021681475, 0.5070224, 0.022520097
174391.5704035, 000220, -0.107633434, 0.0038650818, 0.19069178, 0.854055, -0.022247372, 0.51930124, 0.02052993
174391.603747833, 000221, -0.1086623, 0.002820976, 0.17528991, 0.8463926, -0.024193125, 0.5316818, 0.018678911
174391.637091458, 000222, -0.10913819, 0.0020902902, 0.1592616, 0.8390058, -0.027043195, 0.54318196, 0.017066209
174391.670439291, 000223, -0.11108335, 0.0016576983, 0.14290307, 0.8319813, -0.03020723, 0.55377495, 0.01509555
174391.703780958, 000224, -0.113751195, 0.001454279, 0.12648734, 0.82531834, -0.033265784, 0.5635438, 0.012704091
174391.737125375, 000225, -0.11489024, 0.0013816915, 0.11045563, 0.8180172, -0.0356963, 0.5739746, 0.011260647
174391.770470833, 000226, -0.11668278, 0.0016609468, 0.09501132, 0.8102653, -0.0367086, 0.58483464, 0.009541919
174391.803815625, 000227, -0.11793308, 0.0020483155, 0.08013755, 0.802872, -0.038024984, 0.5948634, 0.009387734
174391.837159208, 000228, -0.118773356, 0.002492994, 0.06588285, 0.7962888, -0.038961943, 0.6035874, 0.009404145
174391.870504041, 000229, -0.119734935, 0.002959039, 0.051969398, 0.79020184, -0.040076796, 0.61145836, 0.009677058
174391.903848416, 000230, -0.12039358, 0.0033081695, 0.038537424, 0.78433895, -0.040715832, 0.61891043, 0.010220342
174391.937193041, 000231, -0.11985013, 0.0034641698, 0.025834952, 0.7777285, -0.040641144, 0.62719136, 0.01085216
174391.970537458, 000232, -0.11869127, 0.0030265525, 0.013085985, 0.7708286, -0.040671032, 0.6356463, 0.011087581
174392.003881291, 000233, -0.11685066, 0.0030398816, 0.001046631, 0.7642951, -0.040979195, 0.64346004, 0.011525096
174392.0372265, 000234, -0.11431052, 0.0033894032, -0.010471117, 0.7580457, -0.04128672, 0.6507556, 0.013392909
174392.070570833, 000235, -0.11163442, 0.0034327898, -0.020340476, 0.75239295, -0.041556537, 0.65719676, 0.016438842
174392.103912416, 000236, -0.108950615, 0.0033718422, -0.029317798, 0.7473145, -0.039849285, 0.6630364, 0.017772608
174392.137259291, 000237, -0.105168976, 0.0033629183, -0.03947395, 0.74158204, -0.03666367, 0.6695744, 0.019547533
174392.170600833, 000238, -0.10026163, 0.0022818819, -0.045866493, 0.73600423, -0.03311969, 0.6758143, 0.021818886
174392.203948458, 000239, -0.09466704, 0.0013391413, -0.05374492, 0.7295455, -0.03318604, 0.68265283, 0.025439521
174392.237292875, 000240, -0.08843971, 0.0006178841, -0.0625576, 0.72220665, -0.03449944, 0.6903124, 0.026385998
174392.270637916, 000241, -0.082389615, -0.00052572973, -0.07001437, 0.7156113, -0.033314053, 0.6972939, 0.02391428
174392.303982375, 000242, -0.076582454, -0.0019308142, -0.076992825, 0.7099231, -0.030491563, 0.70332056, 0.020483892
174392.337326708, 000243, -0.07035866, -0.0034925528, -0.0857608, 0.7038484, -0.02649123, 0.70963115, 0.017865993
174392.370671458, 000244, -0.062811725, -0.004131332, -0.09303561, 0.698384, -0.025913814, 0.7150208, 0.018264884
174392.404016, 000245, -0.054864116, -0.0033730306, -0.09929626, 0.6930113, -0.026094442, 0.7202952, 0.015144185
174392.437359083, 000246, -0.04814909, -0.0022773407, -0.107727334, 0.68879646, -0.027318714, 0.7243541, 0.011152602
174392.470705083, 000247, -0.04242449, -0.0011587274, -0.114906125, 0.68500423, -0.025977805, 0.72804266, 0.0069417334
174392.504049416, 000248, -0.036427163, 0.00040653715, -0.1233526, 0.67880106, -0.023806836, 0.7339283, 0.003413357
174392.537393125, 000249, -0.029725833, 0.002298154, -0.13220535, 0.67005414, -0.024761634, 0.74189734, 0.0016288114
174392.570739291, 000250, -0.022746887, 0.0038370155, -0.14089528, 0.6621607, -0.026144957, 0.7489046, 0.0013222105
174392.604083041, 000251, -0.0155670475, 0.004976915, -0.14906846, 0.65517914, -0.0280943, 0.75493956, 0.0041428157
174392.637426625, 000252, -0.008669109, 0.005959492, -0.15644003, 0.6488721, -0.02881926, 0.76031566, 0.0073897005
174392.670773625, 000253, -0.0022495145, 0.0066369474, -0.16344018, 0.6429725, -0.02867846, 0.7652609, 0.011813955
174392.704116625, 000254, 0.0038146176, 0.007378936, -0.17040129, 0.6373917, -0.028005794, 0.7698667, 0.015899973
174392.737463666, 000255, 0.0104818195, 0.007933993, -0.17775854, 0.6326938, -0.02927691, 0.77357113, 0.020714082
174392.770806, 000256, 0.017366424, 0.008837957, -0.18494126, 0.6288831, -0.028865252, 0.77663815, 0.022490516
174392.804149708, 000257, 0.024881572, 0.010213032, -0.19172476, 0.6234887, -0.026472583, 0.7810722, 0.022073591
174392.837499125, 000258, 0.03376093, 0.012184292, -0.19840184, 0.6154717, -0.025144868, 0.78746045, 0.021639967
174392.870839125, 000259, 0.042458076, 0.013800234, -0.20444192, 0.606943, -0.023519645, 0.7941411, 0.020171156
174392.90418325, 000260, 0.051435977, 0.015083946, -0.20979291, 0.59620106, -0.022712942, 0.80230016, 0.018517233
174392.937533875, 000261, 0.061692998, 0.01621823, -0.21541491, 0.5842429, -0.021832826, 0.81111896, 0.016422728
174392.970872416, 000262, 0.07231376, 0.016899835, -0.2207966, 0.57366395, -0.021982456, 0.8186526, 0.015308326
174393.004216333, 000263, 0.083454885, 0.01752181, -0.22579661, 0.5636443, -0.02470131, 0.82549286, 0.016014548
174393.037574041, 000264, 0.09500664, 0.01842479, -0.230467, 0.55332005, -0.027149634, 0.83239025, 0.015046879
174393.070905625, 000265, 0.10590393, 0.019006632, -0.2344721, 0.5448803, -0.02871434, 0.8379366, 0.011971883
174393.10425075, 000266, 0.11626577, 0.01917044, -0.23836313, 0.53802323, -0.029772764, 0.84235686, 0.008928722
174393.137594541, 000267, 0.12719089, 0.019063585, -0.24289857, 0.5305371, -0.030846257, 0.847074, 0.0066767028
174393.17093975, 000268, 0.1380442, 0.019094026, -0.24564962, 0.5214441, -0.03123519, 0.8526998, 0.004860923
174393.204283875, 000269, 0.14865097, 0.019452695, -0.24706195, 0.5113865, -0.031146286, 0.8587795, 0.0034184065
174393.237627958, 000270, 0.15943328, 0.019795075, -0.24958931, 0.5002661, -0.03199476, 0.86527497, 0.0030995915
174393.270973208, 000271, 0.1697332, 0.019879807, -0.25158864, -0.4883305, 0.033255883, -0.872019, -0.003199465
174393.304317458, 000272, 0.17957057, 0.019760648, -0.25280437, -0.47760352, 0.034891363, -0.87787735, -0.0029674151
174393.337665625, 000273, 0.18981956, 0.019402701, -0.25358117, -0.46832088, 0.036622345, -0.88279575, -0.0024538147
174393.371008625, 000274, 0.19959146, 0.018178707, -0.25432864, -0.45938912, 0.035932906, -0.88750726, -0.001180696
174393.404352875, 000275, 0.20864563, 0.015425682, -0.25589713, -0.4511277, 0.03340074, -0.89183366, -0.0009403481
174393.437695125, 000276, 0.21820468, 0.012279466, -0.25817436, -0.44388786, 0.030555971, -0.89555925, -0.0018873477
174393.471040333, 000277, 0.22783595, 0.009793293, -0.25993335, -0.43701422, 0.03045786, -0.89893395, -0.0029530202
174393.504384333, 000278, 0.23707545, 0.007570401, -0.26164916, -0.42791492, 0.025122937, -0.9034688, -0.0013710267
174393.537730083, 000279, 0.24692947, 0.005016608, -0.26427442, -0.4232314, 0.024104431, -0.90570015, -0.0011719505
174393.571073083, 000280, 0.2569284, 0.0021060929, -0.26775366, -0.42103997, 0.024603762, -0.906704, -0.0028017159
174393.604417833, 000281, 0.2671467, -0.00072729215, -0.27102482, -0.4184129, 0.023689035, -0.90793717, -0.0044203764
174393.63776225, 000282, 0.27846688, -0.0026063956, -0.2750303, -0.41259184, 0.023606978, -0.91059697, -0.0048885844
174393.671107208, 000283, 0.28990817, -0.0041309744, -0.27894038, -0.40235266, 0.025076773, -0.91512614, -0.005253211
174393.704451375, 000284, 0.30038035, -0.0053583086, -0.28280753, -0.39018214, 0.02564765, -0.92036414, -0.0054739057
174393.7377955, 000285, 0.31337982, -0.0062630065, -0.28689238, -0.37802342, 0.025809277, -0.92542005, -0.005464899
174393.771140291, 000286, 0.3263481, -0.008106776, -0.2913529, -0.36693594, 0.024597216, -0.9299065, -0.0051858844
174393.804485041, 000287, 0.34051117, -0.009601379, -0.29681766, -0.35612372, 0.023960663, -0.93411773, -0.0050854813
174393.837830791, 000288, 0.35557038, -0.010755422, -0.30277795, -0.346584, 0.021990169, -0.9377533, -0.0038221404
174393.871174333, 000289, 0.37038326, -0.01129297, -0.30894837, -0.33699128, 0.021830248, -0.9412539, -0.0011983861
174393.904517208, 000290, 0.38659254, -0.011724902, -0.3142244, -0.32497823, 0.021999158, -0.9454632, 0.0021223822
174393.93786175, 000291, 0.40306303, -0.0121909175, -0.31941155, -0.31150135, 0.022930607, -0.9499562, 0.004944996
174393.971207333, 000292, 0.41955283, -0.012347447, -0.3247249, -0.29901797, 0.025229592, -0.95388454, 0.0074821496
174394.004552, 000293, 0.43413162, -0.012488393, -0.3285601, -0.2854693, 0.029402446, -0.95787096, 0.011222011
174394.037896041, 000294, 0.44966042, -0.012076771, -0.33352542, -0.2708872, 0.03426229, -0.9619033, 0.013722824
174394.071240916, 000295, 0.4627878, -0.011021832, -0.3386302, -0.25763527, 0.03815301, -0.9653847, 0.01417172
174394.104585458, 000296, 0.47595623, -0.0097082835, -0.3432975, -0.24538194, 0.042298462, -0.9683954, 0.0144517375
174394.137929916, 000297, 0.4888105, -0.008503135, -0.34757578, -0.2322792, 0.046007913, -0.9714539, 0.014385806
174394.171274416, 000298, 0.50077313, -0.007513089, -0.35150632, -0.21972573, 0.048531596, -0.9742525, 0.014047173
174394.204618583, 000299, 0.51213115, -0.0066804904, -0.35561326, -0.20926757, 0.049762305, -0.9764852, 0.014402823
174394.237962833, 000300, 0.52265906, -0.0054691285, -0.35870373, -0.19940753, 0.05213959, -0.9784225, 0.014403819
174394.271307916, 000301, 0.5329218, -0.004459055, -0.36130327, -0.18854529, 0.05432112, -0.98047626, 0.012892246
174394.304652541, 000302, 0.5421867, -0.003875116, -0.36502495, -0.17923845, 0.054875832, -0.9822189, 0.01040225
174394.33799625, 000303, 0.5520655, -0.0032562278, -0.36742252, -0.17210658, 0.05559303, -0.9834827, 0.0071050725
174394.371343791, 000304, 0.5614242, -0.002553137, -0.36898994, -0.16615666, 0.055309117, -0.9845349, 0.0048777414
174394.404685833, 000305, 0.57090986, -0.0017321483, -0.37000993, -0.16018648, 0.053416956, -0.9856312, 0.004242274
174394.438029875, 000306, 0.58059806, -0.0010313168, -0.3707405, -0.15543242, 0.051405087, -0.9865011, 0.0037092064
174394.471375, 000307, 0.5903069, -0.00013590971, -0.37030828, -0.15054087, 0.05114079, -0.98727846, 0.0017905914
174394.504720041, 000308, 0.59823465, 0.0008115359, -0.3697419, -0.14293763, 0.050089866, -0.9884625, -0.0012394263
174394.538063791, 000309, 0.60747296, 0.001238117, -0.36893088, -0.13629857, 0.049760368, -0.98941416, -0.0024803928
174394.571408458, 000310, 0.6171096, 0.0015555397, -0.36826783, -0.13063267, 0.047139287, -0.990308, -0.001780359
174394.604753208, 000311, 0.62396795, 0.0030556284, -0.3672925, -0.12456839, 0.046062607, -0.99114, -0.0015645451
174394.638096791, 000312, 0.6338339, 0.0037607625, -0.36637992, -0.11618409, 0.043304425, -0.992283, -0.0006594173
174394.671441958, 000313, 0.6441918, 0.0041104257, -0.36506018, -0.10353011, 0.04118269, -0.9937732, -0.00050259946
174394.704786583, 000314, 0.65345114, 0.005911503, -0.3634969, -0.08947424, 0.039017007, -0.99522454, -0.00046159176
174394.738130416, 000315, 0.6632505, 0.006319184, -0.36170015, -0.07587707, 0.03590281, -0.9964706, 0.00026019447
174394.771475625, 000316, 0.6730361, 0.006314138, -0.3601082, -0.06339086, 0.032143015, -0.9974703, 0.001155607
174394.804820291, 000317, 0.6821689, 0.0069971345, -0.35943696, -0.050222874, 0.030661305, -0.9982657, 0.0018015809
174394.838163625, 000318, 0.6924579, 0.007147759, -0.35660475, -0.03641719, 0.03373388, -0.99876237, 0.0030792826
174394.871509125, 000319, 0.70210755, 0.007958248, -0.35548174, -0.026138881, 0.033361807, -0.999079, 0.0067028967
174394.904855333, 000320, 0.7130202, 0.0073241033, -0.3545453, -0.015903903, 0.03339831, -0.9992614, 0.010408322
174394.938198916, 000321, 0.7240078, 0.0065859817, -0.353318, -0.0042980006, 0.034285013, -0.999317, 0.013101128
174394.971542458, 000322, 0.734187, 0.007538799, -0.35150194, 0.008616026, 0.035760887, -0.9991924, 0.016168391
174395.004887333, 000323, 0.7441646, 0.0073308796, -0.34993777, 0.023527907, 0.037818655, -0.99882764, 0.018962989
174395.038230666, 000324, 0.75368315, 0.007159088, -0.34819245, 0.037952676, 0.04051791, -0.99825555, 0.020090725
174395.071576208, 000325, 0.76442426, 0.0076975524, -0.3465112, 0.04992806, 0.043600794, -0.9975957, 0.02022404
174395.104920416, 000326, 0.7739407, 0.008159757, -0.3451719, 0.059935514, 0.04551367, -0.9969604, 0.020154225
174395.138271458, 000327, 0.7820018, 0.008607272, -0.34361193, 0.06858881, 0.046840593, -0.9963437, 0.020019643
174395.171609208, 000328, 0.78946316, 0.009137712, -0.34161443, 0.07734675, 0.047627058, -0.9956691, 0.01980411
174395.204953583, 000329, 0.7985705, 0.009443684, -0.34109765, 0.08566647, 0.04730178, -0.99500495, 0.019721562
